id,full_name,balance,income,expense,target,age,scoring_financial
1,Kelci Hubbert,6969671.1,4436089.5,18734.3,6119836.2,16,83.9
2,Kennett Nozzolii,2282719.2,767411.1,4542934.1,5956715.6,21,87.0
3,Wheeler Frye,1072879.2,2464512.3,3445669.7,2442224.7,24,96.6
4,Marty Skerratt,4938619.6,3304278.8,3277976.2,4320105.3,21,49.7
5,Titos Bowskill,6135177.6,7860741.9,6625411.1,7206773.3,22,13.0
6,Blanche Forestel,5934966.1,4936197.8,6065842.0,7440288.0,20,20.8
7,Ingeberg Stephenson,1322730.2,4031883.4,1766856.1,5170584.9,17,25.4
8,Aviva Bartaletti,5318715.6,495715.4,9486664.5,8910175.4,18,88.9
9,Vic Civitillo,7963380.6,2896995.3,1931366.3,4789969.7,24,92.8
10,Corliss Hatchell,6760728.5,8619780.0,5149764.7,7574890.8,16,58.6
11,Hildagard Huxstep,6633635.8,128408.5,4427799.6,8062951.6,23,67.5
12,Augustina Basketter,7432673.3,3834287.4,2457346.3,3609683.5,19,88.9
13,Sanderson Blaschke,1807203.4,2863935.6,9072699.4,3338426.4,18,20.9
14,Carolyne Cable,9121766.6,1918891.0,9886437.5,5264103.1,22,94.1
15,Leanora Andersch,3651514.8,6012136.9,9534336.1,4832978.3,25,96.0
16,Sanson Kybird,3289521.2,8629475.7,8301306.4,4682788.3,25,82.3
17,Allen Djorevic,4995459.5,1965836.6,8341680.2,6155734.7,25,45.9
18,Frayda Nozzolinii,7910948.3,8756477.6,9662857.7,4710667.2,24,97.6
19,Fran Feldman,9046765.8,9491401.3,8268940.6,6705274.8,25,93.0
20,Maddie Chastaing,9901639.5,9442570.7,4448549.4,2084369.5,25,37.6
21,Lutero Partridge,4937050.5,6929547.0,2692169.7,7231983.5,16,55.7
22,Bren Twamley,6730057.4,6469204.0,7073575.9,1844065.2,21,7.0
23,Myer Southworth,1813763.3,9769036.0,9115497.7,6228413.7,19,46.5
24,Archaimbaud Ullett,993021.1,2098483.4,6389346.9,3415741.9,25,30.5
25,Jasmine Kershow,5708833.4,1485556.8,9655981.1,3120430.2,26,40.5
26,Maia Morando,4871057.2,9234996.3,4960316.2,2428316.7,21,43.2
27,Dahlia Saunderson,2738602.9,9555089.9,9310293.5,7426115.6,19,62.7
28,Maxine Lennarde,8776737.2,6611474.4,643218.1,7296909.1,20,66.9
29,Cob McRinn,822889.6,5129663.5,4273338.9,7801163.9,26,15.8
30,Stormie Stirtle,8682435.1,6331648.2,2667140.7,5217811.2,18,16.6
31,Richardo Mountney,166697.1,8571302.8,1717793.0,5149475.2,26,84.1
32,Gran Hort,9371141.5,3713469.7,1255750.7,7439641.5,20,78.8
33,Saraann Dudgeon,4008775.2,8140037.3,3342602.7,5671829.3,25,0.9
34,Odetta Sheryn,1572539.1,4555288.7,7516982.1,6830651.5,23,4.4
35,Danell Francioli,4319195.2,5147491.4,3626488.0,3630559.8,26,34.2
36,Jaquelin Birckmann,7762261.2,7144677.5,4394343.1,6473498.0,16,13.1
37,Rickert Hadigate,4722887.3,8148927.1,675646.4,4493048.6,23,31.3
38,Chris Eltune,6249512.4,4373767.8,351851.7,8641629.7,19,38.6
39,Marlie Bickford,8982128.3,9218563.1,4539501.6,8705885.7,17,31.5
40,Sue Drabble,6010505.3,5819720.0,4649221.7,2248113.7,24,34.9
41,Buddie Buckner,8671545.4,4980886.8,4161183.9,5496901.6,21,12.0
42,Bernhard Patman,9488889.1,8225991.7,1614371.8,7762243.6,24,59.2
43,Dona Samuel,2729128.0,8432265.7,7120221.8,1235279.2,24,68.3
44,Marley Theze,1340155.5,8080548.1,914376.4,2707829.2,18,57.6
45,Tarah Timmins,1856273.0,6643189.7,1271030.8,1917087.4,26,91.2
46,Austen Skewis,5129132.1,5473656.9,3995536.0,9697038.9,19,71.6
47,Simone Gideon,6926633.4,7819427.0,7062675.1,1030123.5,20,74.9
48,Benji Rousel,1220972.3,2568723.7,9512639.7,4106555.5,22,16.9
49,Aldo Quare,1714261.0,2567453.0,6077196.1,7661336.7,17,83.8
50,Dal McGuffie,6896698.7,8707960.8,3084775.7,6784016.5,21,99.3
51,Drucill Peppin,5101062.7,1149249.5,7671341.4,7496481.3,19,22.3
52,Adiana Lamberteschi,7661002.7,508523.3,8122409.3,6014495.4,20,68.4
53,Cathi Turnell,2763191.9,4473621.5,9668435.6,2410154.9,24,23.3
54,Trixi Crawforth,3891632.1,4439084.8,3786363.6,9014160.9,25,22.9
55,Waiter Hollows,8445432.2,4501305.9,4079357.4,2821281.3,24,14.1
56,Britney Rutter,4264811.0,3897138.0,7473617.7,9738369.6,16,78.3
57,Trevor Muneely,4030808.2,3685642.5,2311850.7,1413100.6,24,31.0
58,Sol Primo,4345231.4,3931538.4,6628298.1,9126495.9,16,16.3
59,Tiffani Raffon,7105024.5,566170.6,1088227.7,9885087.7,18,96.1
60,Lizzy Scatchard,1253226.6,4339308.3,4944314.6,4146737.3,20,32.5
61,Jarrad Abbatt,7833170.8,7446824.4,6713030.0,6853375.5,22,28.4
62,Dennis Garnam,4236330.5,9020183.1,8549422.9,6802892.0,25,65.9
63,Waylin Harling,6251809.9,7307205.8,929544.3,5432000.1,18,2.3
64,Gabi Gabler,426587.7,2752809.4,9348780.8,1913892.4,22,83.6
65,Perren Lepoidevin,8350734.0,9954791.7,823799.8,9324347.9,18,74.3
66,Monte Sparkwill,5888769.8,7195554.9,6512370.8,9868395.0,26,55.5
67,Paolo Rookeby,7002361.5,5054707.9,6905007.4,5475881.0,17,57.6
68,Teador Unwin,9861872.4,537192.1,3264667.2,6636194.9,25,15.7
69,Meier Langham,2546812.0,2285573.8,2142233.6,4675309.8,26,52.0
70,Gianna Stoneman,1228733.8,852808.9,6333757.9,5939424.5,23,38.1
71,Dorice Assinder,3378369.3,3400363.3,7068944.2,9536110.0,24,24.0
72,Grenville Dudmesh,3558996.8,2762586.5,1568643.8,6426329.6,21,69.6
73,Madelyn Mattessen,853019.9,9656169.2,633469.4,6020260.9,21,41.8
74,Sybila Hughs,5499898.2,6003701.3,3497931.2,4652537.0,22,51.1
75,Garrard Carlone,3591455.5,8561915.7,3174345.0,9279618.8,16,2.4
76,Clarence Nanelli,7039363.6,4786834.1,7480900.0,1109618.9,16,79.1
77,Carrol Tumioto,6830157.1,9403821.8,841859.0,2137668.4,26,76.7
78,Jethro Pittoli,4654577.6,9397424.9,5291434.5,1589721.0,23,94.2
79,Berry Glasgow,5349437.1,9781577.4,6044049.9,5820118.5,26,69.1
80,Corella Roskam,2957155.1,4376479.0,1592954.2,4675711.5,22,76.7
81,Tina Constant,9095051.1,6928403.0,4362433.7,1122177.8,23,20.6
82,Elene Fairholme,3393531.8,8384743.1,1540243.7,7407954.4,18,98.2
83,Lizzy Lambart,7187287.6,4011969.7,4942256.1,4372609.1,18,9.6
84,Kirby Casement,3268849.1,9857206.2,8385197.5,5367635.8,26,21.5
85,Laurie Ridel,379485.7,7696536.3,2386859.5,1107605.9,22,89.6
86,Bartie Pigrome,9821474.1,617059.8,9288522.0,1923821.1,23,49.6
87,Bobbi Elby,1187389.4,25660.6,926201.8,2834515.2,22,43.8
88,Kincaid Ommanney,3251469.8,2982172.0,7726553.5,2377429.2,21,52.7
89,Liv Doleman,7867742.3,1838714.9,374382.2,5615519.0,22,45.6
90,Cleveland Ilett,3157992.2,9744665.1,4865308.3,9347472.8,18,21.6
91,Faydra Meek,2661943.0,3989838.6,449032.0,3339388.6,18,2.2
92,Lazaro Rickwood,8223760.6,3040715.8,8351558.5,2206964.9,19,44.8
93,Mahalia Kunath,667013.7,8519516.5,1628802.7,7479785.5,26,11.1
94,Beverlee Berston,4083814.6,6347487.6,1611146.5,3946850.5,26,15.1
95,Anderea Almond,7514951.0,1038441.0,4358329.8,9953411.0,17,20.9
96,Briana Beasley,4779034.4,2081593.7,4640700.5,4475314.5,24,42.4
97,Anallise Maciak,4381992.7,8256723.2,1677185.7,7428960.5,16,46.9
98,Correy Sirrell,4913482.5,739992.3,1544292.6,5755076.3,17,73.9
99,Mattias Bounds,4431400.4,7350663.2,7067607.4,7634693.6,17,82.8
100,Hernando Zanini,2064353.7,6488846.3,5557600.6,3684990.5,25,61.2
101,Tully Tunuy,3373682.9,3290437.6,6030717.0,7259175.4,26,79.8
102,Ferguson Dupre,3617712.6,6780168.9,728976.0,3069627.8,17,24.2
103,Temp Rivilis,6943912.6,4026679.0,6183784.0,5991103.0,26,40.2
104,Annemarie Murton,582232.1,8775323.0,2774841.6,9187369.4,23,51.3
105,Augy Fayer,3844860.4,6160450.8,5895552.7,9856417.9,23,15.9
106,Abner Grubey,5330613.8,7496715.8,7461459.2,9168032.1,16,43.5
107,Currey Shrimplin,8231001.5,6729073.4,4433547.4,8868975.6,16,17.6
108,Theda Maltster,4879505.6,3628402.8,4278114.2,4461759.2,16,12.7
109,Vevay Jeffs,8806368.0,6911027.1,999402.6,5697811.4,24,58.3
110,Gabbi Hitchens,6304884.5,7641444.5,5622732.9,3319562.1,17,76.9
111,Meir Lucus,8743927.5,9285212.0,5683531.4,6254770.9,17,9.7
112,Denis Sandy,3394214.4,6669906.2,7585252.6,9559441.9,25,29.9
113,Stacie Doore,2876720.2,2267872.4,1238395.4,2717059.6,20,36.9
114,Shannan Vasey,5189645.6,1161750.0,7270923.0,2393344.7,24,59.3
115,Janka Kunat,8576828.2,6256751.0,2955433.0,7086879.7,22,35.5
116,Melinda Philipsohn,1296405.2,196944.7,6805114.2,2526806.0,21,76.6
117,Claybourne Jerzycowski,1351665.3,4611082.4,8282964.6,5850031.3,17,57.4
118,Isahella Edgecombe,1015134.9,8389975.1,5787633.1,9771114.0,22,8.2
119,Zerk Eagle,7479804.7,4145304.7,2362056.0,7623076.0,18,62.1
120,Tod Spillett,6890027.1,6027399.4,9891591.6,2128525.7,17,77.0
121,Adelle Rigard,3307844.4,2781881.0,6856146.0,9416955.3,22,74.1
122,Gawen Redmore,4254790.3,5905232.7,4459682.4,1814309.0,17,12.4
123,Mel Musla,1246213.0,2079768.7,4572411.3,6105795.3,19,18.0
124,Analiese Goodrich,4092976.7,6706507.4,5225800.9,6322543.7,21,93.3
125,Carlita Kofax,3814424.6,9216624.9,6115313.7,9102978.3,17,37.0
126,Shermy Voelker,4440624.1,3626401.1,8883508.1,3570355.3,25,10.2
127,Adey Fynes,8658227.1,7540675.0,153250.7,7218819.9,17,90.7
128,Rockie Buckingham,9616929.2,9169314.9,3279269.8,1628317.0,17,42.9
129,Brander Moy,9180096.6,4414820.1,1060018.2,6239660.0,19,3.9
130,Riley Shivell,3376978.5,6138733.4,2475003.1,2762597.0,21,24.6
131,Camille Ajean,5735969.7,2981683.2,7130608.7,9100956.8,26,69.6
132,Shurlock Dupre,2087333.6,1011543.0,8820145.5,3777982.5,18,7.3
133,Rosanne Hillyatt,6052215.0,590932.7,910327.4,5728567.8,20,29.4
134,Kellsie Thomasen,8181175.6,7393108.8,7963364.9,2424211.4,20,65.8
135,Myrna Vyvyan,4812707.8,2692166.9,5859356.8,9353577.7,16,4.7
136,Mallory Purslow,7493080.4,8214429.8,143289.4,6077088.8,17,18.9
137,Lee Madgett,1259841.1,7500002.3,2622326.9,4631074.1,20,46.0
138,Tate Huggens,7504153.6,6234149.7,6854170.6,2487906.8,21,28.8
139,Murdock Culley,8528981.1,718637.6,485015.2,3386522.2,20,47.5
140,Colette Mahomet,1180509.8,2330551.9,6473754.0,7685125.1,26,59.0
141,Dionis Longfut,1775342.4,6970361.2,7414112.3,9035054.4,19,5.4
142,Warren Stelle,6976267.7,8193246.9,583940.3,6523022.4,25,3.0
143,Vicki Muncaster,3989886.8,9810775.2,9539112.9,1426397.2,20,52.8
144,Benedicta Stave,147352.9,8505380.8,4286009.6,2795764.6,18,15.9
145,Adams Ulyet,8427472.8,7905541.8,52403.0,6614817.3,25,34.6
146,Gasparo Quare,6068914.9,3118803.6,9013575.8,3991433.4,18,50.7
147,Mabelle Dallywater,2723172.3,2675615.8,7450679.4,1738706.1,22,32.8
148,Gordan Neat,5495422.8,7857777.5,6498466.1,7637385.7,26,18.1
149,Amelie Rathe,6834512.2,8696216.3,9878671.9,3640857.0,20,95.9
150,Elianore Sargint,8899876.7,1624112.1,7880359.0,8013469.8,16,81.8
151,Skip Allbones,2080465.6,5150242.5,6023568.1,6602782.4,22,11.0
152,Sarah Baxstair,6541651.1,4629151.8,4286001.1,2866281.8,16,11.6
153,Ferrell De Courtney,9960232.5,1126277.3,2145600.7,7057196.7,16,4.0
154,Anni Swain,4669594.7,8934499.9,4307413.1,9230254.8,26,90.4
155,Curt Rubertelli,7834707.2,4255665.5,9825336.3,4572886.6,17,55.8
156,Donaugh Driscoll,4430916.0,3602381.3,1966464.4,3171590.6,16,56.0
157,Yolanda Bichener,185441.8,448214.3,6337556.1,6501842.3,26,50.4
158,Aksel Abelwhite,7713788.2,3750781.3,8270138.4,1760515.2,19,34.9
159,Rockie Castri,7493944.6,5868362.2,6402809.0,8847914.9,18,34.8
160,Katharina Roscamp,3832484.7,2157422.8,2716043.7,8643925.8,21,88.2
161,Edwina Berkowitz,8654640.6,3631622.1,5228085.3,2569472.8,20,63.4
162,Yankee Adolthine,5176154.4,8384221.2,7336841.4,3671350.6,20,18.7
163,Lauryn Chillistone,220465.4,3957338.4,2928271.8,9937912.6,17,81.6
164,Shell Willimot,7633535.5,4511748.6,2348857.8,5156624.6,24,52.0
165,Towney Radford,972624.7,393625.7,2649533.6,2754219.7,23,41.5
166,Lem Dominighi,5427951.1,6602186.2,858811.2,8514234.3,21,48.6
167,Lodovico Ormiston,9818997.2,4588033.1,2238644.9,9568270.9,18,38.5
168,Goldi Dabrowski,7036410.1,6706627.1,6841182.7,3629599.6,23,13.0
169,Lorry Chark,6312780.7,7606607.0,3987087.0,4469132.9,21,36.3
170,Sylvia Easey,6383026.6,8479888.5,3781852.8,2741682.5,22,55.2
171,Edan Tanby,240025.9,3683360.5,6438257.6,3688847.7,22,65.9
172,Dory Cutchee,5225806.6,1092997.8,3053862.1,7538090.7,17,4.3
173,Linette Dutnell,4646974.6,9130823.8,7133300.7,4819227.7,19,34.3
174,Akim Croson,8452385.0,7875908.3,7436412.1,4908202.0,26,15.4
175,Marja Starford,2620621.9,6397127.7,3455861.5,4534799.2,24,93.8
176,Jacinta Colliard,6990306.1,6326559.9,9450393.7,8234320.0,16,10.4
177,Gerhardt Reynard,1905871.0,7815699.2,715646.2,1868562.8,18,23.1
178,Birgitta Elliff,3046306.5,6092010.1,6304472.5,9403860.5,26,77.0
179,Anthiathia Pawden,4152086.3,7868407.7,3044075.6,4152550.5,24,86.0
180,Drugi Player,9040496.4,992510.2,377411.5,2098627.0,18,80.1
181,Man Sushams,3799403.4,4384058.1,6483551.4,5589695.3,25,72.0
182,Isidor Bouldstridge,295451.8,4688837.7,3180103.2,5862626.1,26,64.3
183,Melodee Dunbavin,7953696.1,4779499.7,7754697.4,1708137.4,23,94.9
184,Dedie Keri,370736.7,996117.4,4396852.6,3141399.2,19,19.7
185,Barnie Hurt,9929361.3,8399325.4,1040734.3,5011221.3,22,47.3
186,Celestyna Dodamead,6925738.4,4527585.0,6894102.2,1181635.1,24,63.7
187,Maressa Adey,2060358.4,2493026.2,1848301.9,4239518.3,20,44.4
188,Jeramie Pemberton,8204748.4,5348437.9,1787822.7,7280401.9,24,84.6
189,Avie Kilborn,1089712.6,8730721.9,290476.4,9749814.1,21,97.4
190,Jenn Lammin,9858771.8,3752303.6,9151614.2,4936438.4,18,12.0
191,Sean Hurcombe,9234875.9,5675638.6,1547004.3,8339086.1,22,75.9
192,Manny Klimshuk,6722810.3,5029490.9,2896970.0,2280913.5,17,87.6
193,Karel Willgress,9144640.3,3144213.2,2440707.8,7176638.2,19,72.0
194,Hinda Gaye,3087118.7,2043532.5,304750.5,4840518.6,22,15.3
195,Frazier Bridge,705488.6,9653905.6,8473941.4,7970327.1,20,52.5
196,Cathy Denisyev,9912123.5,2644877.1,9293823.4,3414325.9,20,21.2
197,Tani Salzburger,3792831.3,5583714.2,8962405.8,5571450.1,25,62.7
198,Annis Jeffray,9898701.6,3384969.0,1356682.9,4379577.5,19,42.3
199,Margery Matevosian,911916.7,4410446.7,8069477.4,5846545.1,26,23.3
200,Dulcy Shard,4192912.8,1504039.4,7642503.5,3086563.6,23,33.2
201,Rolf Ilyukhov,7901131.4,2862437.6,6887586.3,4768798.7,17,90.8
202,Goddart Neeson,4348578.8,8834629.7,1956794.5,3955001.9,17,43.1
203,Sabrina Slucock,2487068.3,4952073.2,2908742.1,5860898.5,19,68.1
204,Wright Conningham,5228873.7,5345421.7,933532.4,8354111.7,18,39.2
205,Roxi Batchelor,6387022.5,3718216.5,6741193.5,1715119.3,18,95.6
206,Carlee Treacher,7598783.6,1613517.6,8246184.2,5685885.5,17,83.0
207,Dick Proud,4330911.0,50322.0,9650829.2,7569300.7,21,20.8
208,Timothy Yarker,3554108.9,5628962.4,303492.5,3961495.8,17,64.0
209,Basilius Pestridge,5098544.2,9107964.4,2711162.2,7073256.4,24,46.9
210,Salim Upstell,5555878.2,5866211.6,1454061.0,7518326.1,19,72.9
211,Rodney Roughan,3508068.6,2904785.0,4515676.9,4139743.1,23,56.6
212,Mady McCall,4105727.8,9824383.4,8239912.9,8294563.8,22,40.0
213,Seymour Pirie,1298177.9,2034722.8,9631968.2,5713933.6,24,60.2
214,Aharon Eddins,1697760.4,1258525.8,1597525.9,8989547.7,26,20.1
215,Jodi Groucutt,6689030.6,7955704.4,5674228.4,7146503.8,26,15.8
216,Jacklyn Skirvin,6014224.6,4499077.5,137085.9,7818015.5,19,33.6
217,Orlan Kaemena,5981632.3,4814929.0,4999296.7,8785603.3,18,96.4
218,Web McGerraghty,8771507.1,4005262.2,5551199.6,1029706.0,22,55.6
219,Giuditta Brokenbrow,5668443.0,5224275.6,5242516.5,5475471.9,18,26.1
220,Parsifal Harrisson,8742729.1,6664624.0,4610324.9,9979525.8,18,20.0
221,Allianora Fullilove,7339295.4,7161216.4,3065757.7,1792138.1,19,50.3
222,Walther Mackriell,7410573.3,2173646.5,9682804.2,3358313.0,22,26.6
223,Dyanne Cornelius,4949433.5,7309386.7,1629444.4,6414395.7,26,75.9
224,Channa Bullcock,9849704.4,2617409.3,2254973.9,4542907.0,19,61.2
225,Alicea Bagg,4263537.9,7317396.5,1274751.4,4942796.3,20,9.5
226,Mae Armstead,2550336.4,6926807.5,712928.9,4052067.6,20,6.5
227,Archer Soans,7775608.0,9848754.0,7138366.4,9175004.4,18,98.7
228,Ashleigh Wainscot,6595590.8,7815576.9,7536552.4,1401310.4,17,59.2
229,Adria Gringley,3517121.9,6501009.8,2972907.8,6037421.7,17,87.1
230,Jaquelyn Beacock,8504736.2,7579019.2,9640914.4,3343604.0,16,36.8
231,Barney Donn,2784526.1,4315402.3,6194514.8,2468538.7,26,80.0
232,Lanny Dietmar,701189.2,8486278.4,6121596.9,9718342.5,21,9.0
233,Elvyn Finden,545630.4,2807910.5,1716508.1,8177210.5,24,65.5
234,Leonie Gottschalk,5275988.2,4222602.7,1366124.2,8710117.6,22,99.9
235,Deloris Romero,9169007.2,8627687.9,8483051.6,9269227.8,25,57.1
236,Ali Pratley,8856912.8,6470567.7,9925807.1,2101984.6,24,10.7
237,Garrard Beden,4459655.7,2611499.9,3390079.8,9313807.0,25,88.3
238,Baldwin Rutherforth,1028802.3,9956126.6,6878302.2,9254210.2,21,23.1
239,Ardelia Westcott,7984254.3,254041.3,7911875.1,5425069.9,25,33.3
240,Maxine Methuen,4633939.4,4895808.7,5856353.1,8250945.7,20,14.7
241,Maximo Langridge,6433754.7,3777480.9,1348298.2,9449129.6,20,6.4
242,Vilhelmina Gathwaite,3447384.5,3565410.4,2131063.6,6477506.5,16,60.8
243,Garfield Canner,910717.8,8722287.4,3738188.8,4373554.7,22,64.6
244,Bonni Timmermann,8589228.0,3715021.7,5148870.1,9712432.8,21,95.0
245,Genovera Giovannacci,6624482.5,7352238.2,6357849.1,6702322.6,26,56.6
246,Zach Rispin,4536881.5,6007365.2,1273120.8,9692936.6,19,63.3
247,Vilhelmina Marlowe,4123382.3,9010326.7,9028544.6,4662446.6,23,21.6
248,Dom Stevani,5499772.7,4543173.7,840439.7,9242485.8,25,96.3
249,Bernardo Sinnocke,1661577.8,1184137.9,2364036.7,1182978.2,22,84.9
250,Merridie Barden,5397465.5,7773851.8,8407645.1,9754911.4,19,60.8
251,Jolee Seale,3866437.1,8073644.7,595197.4,1202659.0,16,42.3
252,Dela Porritt,1931271.6,2687449.2,7128718.8,9719720.9,21,91.6
253,Cynthy Meach,7966390.2,5249668.8,3064223.3,9263627.6,24,59.5
254,Claiborne Lermit,9272384.8,2423912.8,1207854.0,9737391.3,18,79.1
255,Lind Rentilll,1909086.0,763088.6,8093100.1,8514281.5,16,39.7
256,Marius Hamshar,2159970.2,9050587.0,4705248.9,7299878.4,25,0.1
257,Hollie Fermoy,8550575.4,639654.2,7210192.0,3528371.1,21,79.5
258,Culley Caswill,6659786.1,9472438.4,9420985.6,1316716.9,19,38.5
259,Nertie Clowes,9859432.9,7671941.8,7987529.8,5016432.7,24,69.6
260,Cherye Kisby,1526307.4,7993560.9,7648391.4,2460431.4,26,77.5
261,Aubert Piggford,2816897.3,6902877.5,2250.2,5714231.5,16,38.1
262,Jeramey Cowles,3408637.8,9742234.8,2997718.8,5690291.5,26,93.9
263,Roseline Hargreaves,2053984.0,5511675.1,3242786.4,7980103.9,25,92.0
264,Jessie Wrettum,8334938.1,6157965.2,4062868.8,6392855.8,26,47.9
265,Sherrie Currin,2753975.1,5318019.4,5546951.5,1473156.3,26,33.3
266,Cherilyn Bulfield,3084614.8,9396884.8,7508176.0,5870189.0,20,35.6
267,Lindon Yggo,2240258.7,6521831.2,3646559.7,9943833.7,16,75.6
268,Harmonie Lippo,2014375.1,9199035.8,6487447.0,6550816.0,23,88.3
269,Zelda Camidge,3754682.6,8406078.9,709247.9,8172818.8,17,57.3
270,Karlik Sprigin,3325701.6,4943030.4,4890301.9,7723248.3,17,4.9
271,Atalanta Dumphy,891800.2,8914867.8,9741902.5,5106111.3,24,21.3
272,Wadsworth Rudland,6668540.7,2521168.1,2827571.9,2414723.4,24,8.2
273,Huntlee Sturton,4009077.8,1974769.9,5504661.4,8949406.8,21,50.5
274,Jone Skelhorne,4353685.5,606437.0,6123635.1,8370590.0,26,20.4
275,Ingeberg Winspar,4836883.3,5318615.9,5676159.9,1111907.8,20,21.1
276,Truda Doumic,9287363.6,4726478.5,6026585.8,8508511.5,18,71.2
277,Fancy Bondar,1970103.7,4236697.9,8240732.1,7769564.9,18,85.1
278,Levi Reddy,8804452.9,2341970.3,2835334.8,6691184.7,19,46.0
279,Juliet Biskupski,7085862.8,5949355.9,6253179.0,3572751.4,22,8.7
280,Armando Fowler,2940287.9,6409585.8,7568008.9,3305905.5,18,86.9
281,Deb Rayer,5761674.4,4593596.3,7497531.5,3731360.8,20,12.6
282,Filberte Burd,4623502.5,3927319.9,1832539.9,2972749.5,25,74.6
283,Randene Attoc,3721097.6,9903904.8,1499409.4,2285983.6,24,93.7
284,Augustine Bladon,9285342.4,3511322.3,540586.6,9943569.5,16,1.9
285,Karine Cubitt,7090445.0,8759149.2,3573470.9,3900776.1,21,43.0
286,Vinnie Leggen,1836784.6,4791841.0,6151939.1,5733075.0,20,12.1
287,Isidro Penk,5323632.2,3393553.5,7027221.3,5497089.1,21,4.4
288,Letty Bruckental,8477853.4,3705108.9,3533958.0,4822700.2,22,5.8
289,Quintus Sackes,541027.3,7958950.7,465430.5,5899596.9,24,60.5
290,Hew Wooder,7333583.6,8692749.6,9628989.9,4570941.2,19,26.5
291,Fannie Spriddle,672503.5,4904526.3,4645539.4,5997641.4,18,82.5
292,Hailee Cotsford,422999.2,6338545.4,878081.6,9714561.9,20,24.4
293,Weider Axtell,1142122.7,11070.8,8184431.4,2276740.8,17,35.4
294,Alla Snewin,9695316.0,9601538.6,6872002.5,5165083.6,22,19.0
295,Philly Arnason,5862273.5,578029.9,7092085.7,5324593.1,16,20.7
296,Debi Pfeiffer,1115757.6,5942200.0,5837527.7,8248207.6,21,27.7
297,Hurlee Cavilla,5709551.4,5454855.9,63934.8,9832563.3,26,74.6
298,Dianemarie de Lloyd,8196259.6,3761065.5,6165585.6,4476894.6,24,63.1
299,Judah Instrell,8476757.1,961392.9,5606556.6,4957046.1,26,96.1
300,Melva Scoffins,3191798.2,2719840.3,3169328.1,9042816.7,24,63.4
301,Fields Deinhardt,1560505.5,7222541.5,3186977.7,1656560.4,19,49.6
302,Elyn Mitroshinov,945490.3,899380.9,3519541.0,5404360.2,24,67.1
303,Eartha Vittore,195933.4,6650222.4,9205703.8,7246563.9,18,29.3
304,Lovell Beverage,5594424.2,6099603.3,2149780.5,7825757.8,16,51.2
305,Annelise Gotts,124755.8,7660556.8,399768.0,7333806.8,17,44.9
306,Rhetta Culbert,5214801.4,2694500.0,9094148.0,6199055.1,19,48.8
307,Odille Ferrai,5527702.8,7275365.0,832200.9,9567749.7,24,9.1
308,Nonnah Huby,5664091.5,7224574.3,8613254.5,3816503.8,18,66.5
309,Phylis Wartonby,6108456.1,4715027.0,4665699.3,8327837.3,24,99.1
310,Essy Slora,2112574.3,5324317.3,3550962.3,3307395.4,21,53.9
311,Igor Drewry,4211977.0,9199653.3,3771330.1,5816149.6,24,39.5
312,Leann Edon,5644170.2,4176374.1,4432853.7,7770519.2,24,88.2
313,Emma Port,3412661.3,4835890.1,9428391.2,9791105.2,19,65.8
314,Robina Vigars,1872933.0,1073697.4,9569076.6,1578607.0,24,34.9
315,Eveline Smithson,4925635.0,1217406.6,5746469.9,3054232.5,22,3.9
316,Karla Morena,1407594.7,5051206.2,6316339.9,8671795.4,18,98.1
317,Freedman Gerlts,3946566.5,5463383.6,379039.9,8681665.4,26,36.2
318,Bobbee Snowball,9311469.2,8438964.6,2816523.5,1038088.7,23,77.6
319,Dennet Robker,8832606.0,5791197.0,4202349.5,8838891.8,21,85.5
320,Harriet Poncet,8553239.2,8597596.6,4268760.1,8169418.6,22,54.8
321,Inness Harvatt,1544296.4,5591219.0,1428230.6,5682000.4,17,62.4
322,Jarid Gatward,7020550.7,2206681.6,6534244.7,1778125.2,21,55.4
323,Natal Gunthorpe,1264421.7,8874610.7,4892722.4,5104391.4,16,23.0
324,Gilly Guilliatt,8209490.5,1523027.1,6602780.1,7139047.2,21,44.9
325,Buckie Dowson,7940469.4,5691523.3,9714948.1,3340087.5,22,65.0
326,Bradan Lars,5762837.8,5785432.8,8856806.4,4229302.2,22,92.2
327,Willey Livezley,1413628.4,1196377.0,7914877.6,8587628.0,21,17.3
328,Amitie Stickler,9268959.6,8111277.8,3043145.3,9533598.0,22,65.7
329,Lora Wasbrough,4641419.9,5469561.7,3378182.2,4808132.9,22,29.8
330,Julienne Epton,456639.0,1180026.4,2534348.4,2845064.1,21,70.9
331,Alexis Goodship,7265927.6,9047961.1,9378740.7,8920544.5,22,83.4
332,Artair Kalker,5966541.7,8107427.6,1680451.9,6525255.1,21,31.8
333,Madlin Storer,2544844.0,5221735.3,1543833.6,8384842.1,26,49.3
334,Errick Salzberger,1497629.0,5730805.4,1488506.3,2173153.5,21,18.1
335,Halsey Spaxman,1261213.9,9142111.9,9048179.7,5306623.2,21,19.5
336,Jennifer Copner,5453879.7,3829901.5,9406922.1,9479182.1,17,94.1
337,Emile Kellart,3052807.0,4929727.3,3564026.2,2911391.6,20,87.3
338,Hector Bage,1762212.0,1334303.6,8987811.9,7642399.6,22,55.1
339,Pat Despenser,3805918.2,8748284.3,7666407.1,9864339.9,23,81.4
340,Hildagarde Summerlad,9519690.8,8418284.9,7934471.5,4677345.0,26,25.5
341,Roanne Capsey,2100039.2,203694.7,7091433.9,7125517.5,16,84.5
342,Tatiania Lenchenko,6661890.7,9527426.8,2262542.8,3044913.2,19,3.6
343,Wilburt Base,5017696.2,7809682.6,5421425.6,4867329.4,16,76.5
344,Jabez Keenan,3672431.7,1296783.7,2665799.9,4580591.5,18,66.5
345,Bendite Biddulph,8654787.0,5164512.8,7961263.4,7074421.4,26,45.8
346,Jedidiah Liddicoat,7908291.1,6292420.0,2632235.4,7218243.3,17,3.5
347,Mair Vannacci,4930378.8,2108621.5,8633486.8,2494296.3,16,43.6
348,Baird Walkinshaw,6771682.4,4005428.2,1030421.5,2539069.5,17,62.1
349,Irita Bramo,5296920.2,8047416.1,9187879.4,7735496.5,26,91.8
350,Cordey Spanton,8404437.1,2815694.5,4049348.9,1719129.0,19,71.7
351,Timotheus Luis,6785007.6,533013.7,4339766.5,8256419.4,21,29.0
352,Correy Pinnere,8237909.7,724053.0,950631.7,5476460.5,25,76.7
353,Jervis Downham,9436081.6,4059888.5,4273955.2,3672598.9,23,69.9
354,Lonna Agerskow,4070110.3,5727572.0,1445501.1,5727123.0,16,14.4
355,Alysa Flaune,3363985.6,5319836.3,8366624.2,5711473.8,17,46.9
356,Crichton Tipton,9973818.1,5329494.2,1289488.7,8413106.4,21,12.6
357,Heddi Ackery,264160.4,694737.8,4294331.5,7983188.2,22,68.7
358,Yorker Craik,7228026.0,8048264.4,812926.1,1007186.7,24,32.3
359,Annaliese Abade,6550463.2,8450293.1,6271276.1,3776031.3,18,76.2
360,Alaine Dibley,2643513.2,3672353.1,3868667.9,2064470.1,16,79.8
361,Jonis Jandac,1997933.2,5108775.5,1382085.1,7051683.4,21,82.3
362,Coop Condy,7887999.9,6287977.7,8189364.2,6711844.9,19,68.7
363,Bonnibelle Mitroshinov,1322392.8,7443310.7,8567295.0,3955641.3,24,8.2
364,Ramonda Rustedge,9488925.2,2932325.5,3347255.7,9533426.2,24,27.8
365,Caroline Muge,5325161.4,950240.2,566192.9,6705450.6,26,67.7
366,Freemon Sango,9895525.0,1526115.4,3029467.1,6431873.4,18,19.1
367,Sidonia Bolver,7825720.3,6335435.3,15055.5,3216066.2,21,7.0
368,Jesse Nassi,2157148.2,7452835.8,543560.4,8429607.9,25,85.0
369,Harv Hamfleet,9966766.2,8667028.5,5657607.9,6305330.9,16,3.2
370,Genny Schiesterl,8397515.9,6621198.7,6323351.9,2929840.6,24,28.4
371,Ware Durning,9653241.6,78993.2,9788736.6,6495947.3,26,15.8
372,Francesco Coole,2862379.8,1769997.7,86571.2,4235091.5,22,59.5
373,Vina Premble,727098.2,233544.4,5944036.5,1491241.4,23,80.8
374,Lilith Laming,61981.5,8921815.4,6685573.6,3039610.0,26,73.9
375,Ileana Banaszkiewicz,3813139.3,23153.3,512246.9,5022159.0,22,37.1
376,Fremont Pedroli,2968097.5,5094977.2,1517344.9,7716977.0,21,71.9
377,Nikola Craggs,1555.1,4911904.9,2586618.8,2059613.2,21,98.2
378,Thoma Mughal,4240464.2,6901198.6,1654216.2,2166260.4,18,42.1
379,Montgomery Burgiss,3440228.6,9200780.1,5035700.2,8934995.6,17,86.7
380,Biddy Reoch,4386631.2,6575497.8,756882.8,5928080.5,17,65.1
381,Beatrix Vasile,1485187.5,4074611.4,5699726.1,9981333.7,25,45.3
382,Herculie Reinhard,5012205.0,2769731.1,2482828.4,8537795.7,26,69.7
383,Hansiain Suttell,2643455.8,9836109.1,532108.3,2479811.0,24,3.8
384,Jordain Lorek,5906505.1,3195501.6,2111551.6,4997870.8,20,55.6
385,Eulalie Pesak,5031897.6,4855075.1,6781631.2,8358549.1,21,80.6
386,Verene Wegner,8115653.3,2952389.7,5533659.1,8222911.6,20,81.2
387,Carey Caunt,2108551.3,9866927.5,349053.6,9633809.3,16,10.8
388,Sarina Perryman,1879622.1,3178141.0,2722528.2,3507425.0,18,75.5
389,Biron MacRedmond,5618060.8,6447000.2,2149370.8,4862662.1,21,59.5
390,Aharon Peebles,1752364.6,6553085.2,3259434.4,1688012.0,18,58.6
391,Alidia Philbin,8434838.4,4919510.4,7571229.7,2804335.0,21,43.6
392,Bentlee Coster,6690768.8,7363867.4,3063393.9,3558495.3,20,39.9
393,Susie Hickisson,611420.3,5215028.3,6532317.6,9558770.2,24,94.7
394,Axe Apthorpe,1704483.6,6054427.0,474773.9,1272945.7,26,20.8
395,Johannes Rosenthaler,6429888.2,7111312.3,6543185.7,1974877.5,20,60.2
396,Rosalinda Hellis,2141805.4,1690412.4,4945754.9,3575216.5,21,52.0
397,Norbie Heinssen,1952759.5,3766516.1,2451648.2,3359882.5,17,66.6
398,Arden Yabsley,654406.8,7631396.3,8386724.6,6271070.5,19,24.4
399,Emlyn Rowlands,8593459.0,2475920.9,9376436.3,7773801.3,25,58.9
400,Rodolfo Barlie,208032.0,6991840.4,7589633.4,8389161.4,21,55.5
401,Myrwyn Gorthy,8326243.1,9798953.9,5348739.0,7072961.3,23,43.9
402,Leontine Westrey,9459132.9,2449545.0,4758347.6,7165672.0,17,83.6
403,Annabella Arthur,2706623.1,4125080.3,2046587.6,1531237.6,26,73.8
404,Cassie Southouse,5083716.5,3355292.3,6242716.0,7074292.3,18,1.2
405,Shelbi Zeal,3541290.5,7363005.2,9976905.2,3929000.7,21,65.2
406,Hilary Waren,9082614.8,8896643.7,2338664.2,2147912.5,26,2.5
407,Tracey Rustan,5828068.1,7108563.5,7358812.3,8363120.8,21,93.9
408,Burt Johnikin,632878.0,4071741.5,9677082.7,9493215.8,17,36.1
409,Clerissa Geater,9896792.4,9973325.3,8697851.1,9221857.0,17,26.7
410,Tamara Joselovitch,3255109.8,7589347.6,3184801.6,3364338.5,26,99.7
411,Anett Mattaus,903988.0,596483.3,7020943.2,8937430.2,22,49.6
412,Blakeley Kruger,143398.1,7106018.8,797852.4,5138418.1,16,89.9
413,Megan MacFall,6657916.4,237689.0,3610035.1,6615247.0,21,97.1
414,Emory Bole,184779.4,4884876.2,235357.3,2571731.7,19,13.7
415,Neill Buckthought,2569267.7,2909937.1,9002191.9,3989332.7,24,58.3
416,Sallee Ribou,3746536.8,5205610.9,1083878.5,1795433.7,21,10.5
417,Kailey Findlow,6111908.4,2736772.3,4406141.6,7185449.5,18,80.0
418,Vinny Duchenne,3347626.1,7181260.2,9395362.2,3954322.5,16,89.7
419,Valida Harkin,7396380.0,5151193.9,6553176.7,1154076.4,23,68.9
420,Osmund Domanski,4744479.1,7560120.2,5689632.8,4565266.8,18,53.7
421,Margaux Bloxsom,4226815.1,1492320.8,8570137.4,8672608.3,22,59.5
422,Garwood Jakaway,2270506.1,3297351.9,7729755.6,1953056.5,22,10.1
423,Averell Pietzker,6367217.9,5181291.0,5300741.7,4761666.1,18,46.0
424,Joellen Parzizek,2881717.1,4716302.3,7603659.1,8717370.3,25,12.6
425,Heloise Caisley,5649573.6,3645303.8,6852457.0,3589520.0,24,13.1
426,Colly Polk,6336885.9,3335783.5,8042310.8,2594417.4,25,5.8
427,Terry Orr,2077021.7,1468235.3,2253983.5,8095489.6,26,33.3
428,Reggi Kinner,2259931.0,3688540.3,9480768.4,5197373.7,20,44.8
429,Minnie Gage,8208605.0,7844551.3,4637952.0,5288943.1,22,67.5
430,Paulette Dollard,5634004.5,2881555.2,4964668.1,8030565.2,25,41.5
431,Ben Pyett,7622213.6,7787482.8,8672680.5,4205521.2,17,45.2
432,Whitney Muat,6640477.9,3331469.4,1190246.8,4626881.1,20,96.5
433,Alysa Juarez,2613627.9,1502648.6,6623339.1,1663091.4,16,66.6
434,Tonya Widdison,2830458.7,7480875.2,6175668.9,8417943.8,22,56.9
435,Donni Engel,4479533.7,5237742.0,9492109.8,6545813.7,24,33.3
436,Pinchas Bye,171253.9,9719985.5,2251522.2,5147785.3,16,40.4
437,Dick Bird,9787358.6,5600172.5,1242269.9,8391789.3,18,72.1
438,Umeko Wallicker,592678.6,3601595.1,7106404.9,3848409.2,24,7.7
439,Baillie Barnwille,9505204.8,7901936.8,1583192.3,5971462.7,19,8.8
440,Elwira Errichelli,7262138.3,6043245.6,6574942.2,7544060.7,26,52.2
441,Pennie Luto,7189031.9,7093582.6,3098814.0,6981163.1,19,19.9
442,Isobel Batcheldor,5428530.0,1318489.8,9903966.3,8844185.2,16,44.9
443,Georgiana Stewart,7329437.1,8792242.4,6593544.0,6767945.6,25,18.1
444,Dorita Gabitis,7902283.4,4814810.3,3172153.2,6841492.2,26,54.5
445,Woody Bette,641180.3,4134887.0,483769.8,1660838.5,20,72.2
446,Whitney Tixier,9671274.1,7692543.2,1071712.6,8927347.0,17,6.3
447,Kit Berends,2983899.4,822978.5,6822950.2,6462085.1,22,68.9
448,Carrol McArte,5964615.7,4771909.1,7904500.3,3678313.6,20,4.3
449,Hephzibah Crottagh,3536122.0,9499629.6,7993061.1,3922232.1,19,33.3
450,Rora Decreuze,3648360.6,1184359.5,971324.5,1263819.8,21,71.8
451,Ingmar Neames,9923543.7,422297.8,8304600.6,3554395.4,19,95.0
452,Berti Parks,142852.1,2848079.4,9694222.4,8189990.2,25,55.2
453,Zora Brighty,9241758.3,1578113.7,5715167.5,2367341.0,18,29.8
454,Nadya Lening,2706384.9,464054.2,7230764.8,3537192.8,19,46.3
455,Natale Iannitti,5069248.4,4577487.7,1321095.2,7244638.9,17,46.3
456,Dur Ghilardini,8219076.6,2754265.7,6414799.7,4867187.7,18,44.0
457,Pernell Curzey,5065135.1,8896154.7,9751702.9,5543223.0,19,23.4
458,Maryjo Sparhawk,4146708.8,6508404.4,4505047.1,9624565.8,24,81.1
459,Aubrey Bartolomivis,1962347.5,4371632.1,2092974.7,2518163.2,25,51.2
460,Elroy Bleiman,273787.8,9087676.8,5348540.1,5819616.2,17,40.8
461,Michael Farra,3747385.1,1430138.9,6240774.2,1612548.7,26,89.3
462,Leesa Manwell,9944863.2,4687818.9,4267982.2,2178761.8,18,99.2
463,Salvatore Piens,9985010.6,3084651.7,799310.9,3564056.8,17,58.2
464,Dunc Hurch,8246219.1,438703.0,704013.1,3682649.2,20,46.7
465,Augustine Oggers,1410910.8,4918657.0,1182160.4,4031404.8,17,43.1
466,Glennie Young,2930083.4,9274137.7,193233.0,4470518.1,24,87.2
467,Berky Warren,3368878.1,4225995.3,5021542.7,6271301.1,23,28.1
468,Melonie Lingard,8897509.0,8981972.0,4889767.9,8578387.6,26,51.0
469,Wildon Westover,3192325.9,6898829.8,7977271.8,2370408.6,17,31.2
470,Amalita Tretwell,5214424.8,9755316.2,2216631.4,5751999.0,17,93.9
471,Husein Ackermann,9186398.3,9618171.4,938135.3,4021957.1,19,93.9
472,Flora Coombes,9872213.1,3791032.1,8482282.2,9311871.8,26,8.5
473,Ethelda Crampin,3208221.4,9654576.7,8036883.4,2910120.7,16,22.2
474,Krystyna Huikerby,5657468.3,5672924.6,1496679.1,6673933.7,16,23.4
475,Kristian Dundredge,7257240.0,3029223.4,8303089.6,9120476.0,20,30.5
476,Charlena Polkinghorne,8127251.3,5396089.6,6873837.4,8023312.6,22,62.6
477,Katti Sponton,5357397.4,965928.0,8924697.7,9087380.1,19,18.2
478,Ki Maxfield,5232960.2,1507728.6,3591569.9,9551530.3,24,85.7
479,Hi covino,8969851.7,6998362.7,3599450.9,5027557.1,20,51.7
480,Tina Rolingson,3444865.2,7946264.5,5715749.6,7623101.0,19,15.5
481,Deanne Noakes,8054548.6,7015218.7,9033869.8,9331591.8,18,29.0
482,Dale Clutterbuck,7704485.1,3110623.3,6135481.7,9478386.2,25,78.8
483,Mitzi Joust,3776094.9,7798747.4,6589252.3,4994556.1,23,49.1
484,Dulce Jayne,5590825.6,6608843.2,7536453.0,3900906.8,18,99.2
485,Felicio Avory,3749428.1,9709675.0,2330312.9,9303518.5,26,47.3
486,Darrin Licence,3772795.1,7866187.1,7373010.8,8732149.5,17,29.0
487,Torrin Rochelle,2392574.3,603936.0,6721807.8,7970811.8,24,47.7
488,Leeland MacLachlan,9138334.3,7081606.6,7812998.1,4892104.6,23,40.0
489,Tiffani Jedrzejewski,2506499.9,6544928.4,5439447.3,7243349.6,17,32.2
490,Harmon Mileham,5607609.3,759812.6,8978179.7,3197358.5,23,31.3
491,Idell Breeton,3105770.1,8991225.2,4835121.3,8726653.6,21,89.4
492,Alastair Serjeantson,1349825.4,8548168.7,6715156.2,4397553.5,19,22.2
493,Phip Brigden,9974686.3,1116958.2,4007604.6,8899359.0,23,22.8
494,Germayne Rydeard,2850592.1,1421143.6,1520376.7,3423472.0,23,10.2
495,Britt Brimmacombe,1462567.1,2226781.5,1482284.8,8524607.7,20,81.6
496,Kaila Bourdel,8114120.8,4995451.5,8621046.8,1430157.1,26,53.0
497,Fania Hacking,4388441.2,8028706.1,1290068.2,1543379.6,26,94.4
498,Anjela Steinham,6641892.5,5268366.5,7923748.5,7153677.6,19,43.6
499,Dulcine Le Conte,8236855.0,4055719.8,8727319.7,6817377.0,23,23.2
500,Garrik Sheraton,1295439.3,4670745.1,3103417.6,9363124.3,17,72.2
501,Crystie Fills,5980047.7,1623768.1,7392564.7,3568980.6,16,46.9
502,Albrecht Marwick,2557894.7,7775029.2,5830479.4,3366010.7,22,95.1
503,Christie Hartzogs,4206762.0,430699.8,3875879.9,6791582.4,23,35.3
504,Bridie Blaxall,3672723.6,7300520.8,801663.4,1167375.1,19,55.0
505,Gustave Goning,4843840.7,9330182.2,3511645.4,4510095.7,18,84.6
506,Zonda Snuggs,8277012.2,9461050.2,8270522.3,8747399.8,20,3.9
507,Elianore Pask,3418539.4,7937043.5,2995877.6,3329334.9,21,45.0
508,Joyan Hucke,2281920.0,4667188.5,8387583.9,7705805.7,25,15.5
509,Sandi Taylo,1190598.1,9840457.2,2391341.9,8454546.8,23,22.2
510,Otho Keslake,9383551.0,9049836.1,2522532.8,7538771.4,21,73.6
511,Melesa Acedo,8951562.3,6661397.2,8879554.1,7733031.1,17,67.5
512,Gayelord Snipe,2274416.2,1420241.8,2940234.9,6802407.6,22,67.0
513,Verile Comer,5195143.7,5071486.5,5461797.7,1433468.4,19,58.9
514,Shelby Stucke,9366876.3,7271912.5,1148963.4,7461916.7,20,62.1
515,Andonis Bryers,7244622.4,5749382.5,8640510.5,4059664.8,22,77.3
516,Curran Cosens,673679.0,603820.3,3732326.4,5603046.2,18,98.3
517,Dorolisa Tillett,6018344.0,7182276.2,6637682.4,7999410.8,19,13.6
518,Pearle Bauldrey,8764830.6,3819165.3,3517932.6,8496571.7,16,5.2
519,Billie Catton,9943701.8,2391142.5,3618566.1,6487752.6,16,88.4
520,Allyce Walsh,8777624.9,8420669.2,1008900.0,2252299.3,24,36.3
521,Leroi Smithyman,9654941.8,4446169.5,749247.0,6980553.3,17,68.7
522,Lola Hughill,9523368.4,405385.6,794972.6,4933535.6,23,26.4
523,Glynnis Fouracre,6782286.1,4943360.6,2227872.7,7852439.9,23,99.0
524,Halli Ferruzzi,1776893.6,2585099.6,9080885.2,6286791.4,20,47.6
525,Bastien Toolin,9188711.2,5433898.9,3529702.5,1130926.3,20,86.9
526,Trev Bolstridge,816153.6,6739181.1,3305671.1,1957329.4,20,70.7
527,Dore Wife,9713463.6,2440200.5,8570898.5,9234478.3,25,83.9
528,Lib Borsay,1096075.7,7826731.3,6735021.8,3167026.2,21,16.6
529,Luis Brownbill,5418557.0,8439986.4,9319574.1,7058973.9,20,95.9
530,Early Pirozzi,8437845.7,2456553.5,3122883.9,3000093.2,24,81.1
531,Edita Ebbens,2260751.8,9521005.0,6818176.9,3371042.3,24,97.1
532,Berkie Teresa,878415.8,2918713.0,3039199.7,2882082.9,20,42.4
533,Jeannette Gelder,1521511.8,200460.5,1647015.3,6427828.2,18,4.7
534,Giselle Wye,4992565.2,8153928.6,8299283.2,9129141.3,17,75.4
535,Crin Routhorn,1536311.4,7236163.1,4157821.9,5965276.1,16,38.4
536,Charo Hurley,9340589.4,3672970.0,6528774.7,4287792.8,26,69.2
537,Saunder Syers,2134851.4,5334707.1,759623.3,1456639.9,22,87.9
538,Gordon Yateman,6712444.3,4720381.8,2312945.5,9083330.9,20,13.7
539,Benjy Grabb,1647799.7,4286714.3,9081570.3,5423777.7,21,34.0
540,Gretna Savage,9176293.8,3478260.9,9313836.0,7875346.8,25,75.5
541,Christy Lepick,3387018.4,9407934.7,5774011.4,8734710.7,17,37.3
542,Fina Baker,3696417.6,1306657.7,629120.0,5820706.3,19,12.2
543,Jonell Tretter,381796.8,6016247.9,2063148.8,9522453.5,24,70.4
544,Walker Connerly,19863.2,7487816.7,8035.9,6918427.0,22,96.2
545,Lance McSporrin,4804335.6,86431.9,6964971.8,1080674.6,24,58.8
546,Traci Asp,7726072.4,8162249.0,9744588.3,9096535.4,23,89.3
547,Dorian Calliss,3991788.9,5150521.9,703344.9,9249366.8,24,76.9
548,Pippa Dauby,9821515.5,9464556.1,1472974.3,1936712.9,19,65.1
549,Allina Dumphrey,1425457.3,7335631.9,8078622.7,1623071.6,26,51.0
550,Kris Lambertazzi,4559088.1,3110613.5,5495012.6,6028334.3,23,2.7
551,Hali Jeffries,8454452.9,4659613.7,8896439.8,4972580.4,21,21.7
552,Demeter Duthy,4935096.1,9953716.0,428392.4,1339223.9,16,36.9
553,Peggy Kays,1537584.3,3868985.1,4341965.9,4972849.5,20,96.1
554,Caryl Forrestor,1704645.6,6420232.1,5634550.8,7494502.1,19,94.1
555,Edita Stag,8947975.1,3014516.6,6031476.5,4062866.0,25,99.2
556,Dell Laver,4890867.6,3970295.5,346104.7,3479425.1,16,86.6
557,Ronica Tollet,1478550.6,2483803.9,380666.0,6767379.2,21,24.8
558,Benjamin Lawrenson,4108780.8,6855875.3,6642616.9,3720927.5,17,13.8
559,Levi Kroon,7320858.8,493515.6,12850.8,1384013.6,24,0.7
560,Hercules Bayston,7493341.7,1736727.0,5523831.8,9804409.4,20,8.3
561,Mufinella Fihelly,4237122.0,6017690.1,4815425.7,1908661.1,19,72.7
562,Felisha Yarrington,8827719.8,6519844.6,2462583.1,7363771.9,26,97.7
563,Hillyer Sundin,16149.0,2592032.8,3795044.8,8057133.3,17,78.1
564,Malchy Salvidge,1365991.5,2919147.3,3292725.1,2879387.1,18,2.9
565,Rick Puvia,876599.0,6796128.8,9088626.7,5584801.3,25,77.7
566,Matty Challicombe,2013200.3,491706.4,5116249.8,7326367.1,19,37.9
567,Kakalina McTerry,7381035.0,4665238.2,6802709.1,2786486.4,25,9.6
568,Kiley Azemar,7666708.5,2759868.8,763291.3,3314264.2,20,51.9
569,Niels Assel,9198261.6,374335.1,7085275.4,3844107.7,26,90.5
570,Delora Saban,1885336.2,2950904.4,8305056.1,4451508.1,20,73.9
571,Dilly Hounsome,4985611.4,2879867.1,6610762.3,1517161.5,24,17.2
572,Carce Huebner,2063629.6,6522243.4,7592839.2,1525078.3,18,60.0
573,Rubina Fusedale,6444704.2,7760192.7,4277712.6,9896717.4,22,95.9
574,Virginie Oldacre,6112753.5,8097540.4,7007733.6,1926174.2,24,83.0
575,Phaedra Lefeuvre,3084549.0,7219674.0,2023275.6,9816124.6,16,3.5
576,Alyce Mingardo,677076.2,2458141.3,7312646.9,9639840.5,22,96.1
577,Ella Jaynes,6621142.9,4125740.8,1956272.8,6378274.2,25,59.2
578,Cher Ruffey,2712966.7,6691578.6,5867912.0,6308594.6,22,53.6
579,Marna Matteo,5164146.0,4721752.9,1726475.7,1665001.1,18,37.4
580,Kelsi Orrill,1790561.2,3257918.1,4266409.8,1991258.6,20,19.8
581,Reggi Rosenblatt,2291625.4,8842138.3,8748391.6,5665469.3,18,40.5
582,Hilary Larrosa,1516921.0,3758832.2,6050811.7,2798516.0,22,55.9
583,Thibaut Gringley,3702841.3,1404524.9,1585932.1,8922788.0,24,51.7
584,Olympie Thorwarth,4312604.8,4107783.8,2675460.4,1465697.3,16,2.7
585,Shell Fraschetti,2447986.9,5908953.6,5017743.6,3890934.4,18,20.5
586,Parsifal Abdie,5850533.5,2616005.8,4160299.1,7777491.5,26,17.3
587,Mufi Northam,2496841.8,844186.4,8174769.3,5976007.2,26,64.9
588,Zed Climer,3892442.8,3833088.7,1403048.1,6111733.0,16,16.6
589,Lutero Cavanagh,1849946.5,1634535.8,4678840.9,8828964.5,19,23.6
590,Kelsey Harbisher,529948.7,4186292.4,3528618.5,6487109.2,17,81.0
591,Cinnamon Faraday,9714077.3,1971938.2,6744942.8,9802405.3,23,36.9
592,Auria Chettle,662429.9,3130247.8,8529610.8,6858423.0,18,52.1
593,Kliment Kerner,6402484.5,6745800.9,318309.0,2645844.8,18,44.2
594,Tamar Easson,1199348.2,3699272.3,2589495.7,7915810.6,25,29.0
595,Olivier Gruszczak,7666158.8,8537550.4,333355.3,6295242.3,17,39.2
596,Hesther Anselmi,1205577.0,9234533.3,2686741.1,2095879.7,17,15.1
597,Domeniga Le Quesne,426996.1,4524901.9,2645776.1,7262895.3,19,96.3
598,Mathilde Mucklestone,4217.8,5500883.6,9469236.1,7268461.1,26,53.4
599,Shena Ingall,653508.4,4726433.1,4436144.7,9820974.3,21,13.6
600,Dulce Jeannenet,683985.8,372200.4,8641918.1,4322434.6,26,7.9
601,Erena Arendt,7950346.5,3727756.2,9709004.6,3368033.9,22,54.8
602,Rad Friar,6111173.3,8096674.9,2240038.0,3470518.9,22,9.7
603,Alana Covil,7917942.8,7971985.9,3028322.1,3289159.6,24,31.7
604,Yoko Decruse,1915617.0,2108272.7,1658189.8,2617265.6,17,71.6
605,Geneva Pellant,4178966.7,6217353.2,8647433.9,2508455.4,24,90.8
606,Evvie Conor,8586837.7,1548905.9,3893294.2,3550164.5,24,98.7
607,Nappie Tours,110272.4,3297860.4,7420088.7,8365276.7,18,96.2
608,Karalee Dunster,5257375.3,3731125.8,24327.0,6837796.9,22,96.6
609,Trudie Scawn,62601.8,6860904.3,3494045.4,4568944.0,18,82.4
610,Suellen Kabisch,3622596.4,4815413.0,5296937.7,6723211.3,25,21.4
611,Mendy Lindegard,4088847.0,3428457.2,2816704.4,9652426.5,26,68.5
612,Carmina Heggadon,1851801.2,7465310.8,2105905.7,6135297.0,18,93.4
613,Gage Matfin,2726809.2,5966343.0,6803910.6,8076116.4,18,82.4
614,Brena Finn,6701916.4,171600.6,7324211.2,6666694.9,26,17.8
615,Mireielle Tamlett,4345566.0,8368647.6,4501222.3,7306254.2,25,61.3
616,Irvin Schouthede,5217619.0,3428906.8,3531026.2,3146434.4,26,93.4
617,Con Ginnell,6060648.5,3428436.5,1409125.4,4167263.1,23,4.2
618,Bert Stapforth,7142725.1,2813405.3,5843208.9,6222875.5,17,74.0
619,Jerry Obington,3354724.3,592745.2,1112186.4,8653477.8,23,61.6
620,Elisha MacPeake,3156452.6,7569697.8,6876072.6,6451638.4,25,30.2
621,Jerry Palmby,2998871.0,1855408.9,4789610.6,8556261.8,21,87.4
622,Ty Mulberry,7177375.6,3893159.7,8538009.5,2673347.3,26,62.5
623,Zilvia Cordey,6054272.4,8211543.8,4198216.5,5458409.4,17,24.0
624,Sigfrid Whiterod,7011449.6,5261912.2,9523293.7,7663082.1,20,91.2
625,Elnar Franzman,7861733.9,9007496.4,3631501.4,3675519.9,26,94.1
626,Hillard Gavahan,1386225.7,3798847.1,282739.6,6246200.8,26,96.9
627,Waverly Buttel,7991895.1,9081263.9,5339843.7,7827389.3,21,79.1
628,Rennie Treneer,7000101.0,6243822.1,9939056.4,3520854.4,23,90.9
629,Erny Vick,6014267.4,5419534.1,7920038.0,5235514.2,25,44.5
630,Kamilah Allender,4511744.6,6236038.6,3643012.7,5944729.8,22,41.7
631,Jacquetta Wibrew,6582959.2,7624504.6,6703188.1,6476395.6,19,0.2
632,Andre Itzak,3354462.5,8183709.5,9623933.6,5923026.7,18,93.8
633,Ede Shurville,3602579.5,5171912.1,8184424.7,7982208.7,26,60.9
634,Layne Speeding,1308534.5,6452064.0,4846527.7,7767753.2,22,89.6
635,Rockie Pymm,7687956.5,815098.5,6395108.1,1074008.7,18,71.7
636,Miles Guitton,4426627.6,3604349.0,1187388.0,6424490.0,22,20.7
637,Maridel Whistlecroft,9011382.5,6702305.3,3049468.1,2458416.1,25,37.2
638,Montgomery MacKain,43959.7,191756.4,5382869.3,3644981.5,19,49.6
639,Boris Cobley,4430720.4,5398118.2,3324837.7,7816190.0,16,54.7
640,Caryl Beveridge,5429879.0,5929466.7,3806786.1,3084595.1,19,35.0
641,Christyna O'Heagertie,127959.1,5650402.0,7678371.6,8094940.0,20,70.1
642,Myranda Bathowe,3073581.6,2461170.2,4244618.5,5367368.2,23,50.0
643,Rhys Aishford,1824000.2,5649067.6,7333039.9,9763001.6,26,60.9
644,Christiana Fauguel,574220.7,4556554.8,987496.7,2638194.7,24,49.4
645,Ara Fiddian,6840282.4,8280910.5,9077962.7,2601087.9,20,39.5
646,Rice Granleese,6425711.8,4132990.7,4747101.4,1906533.9,23,63.3
647,Valerie Parlour,3047048.2,7074550.3,7096587.2,1506915.6,20,78.1
648,Earl Grahamslaw,3207494.7,4524860.7,4590393.3,1029857.0,16,6.6
649,Richmond Loffel,1616502.3,1908880.2,349173.9,7347044.9,24,24.4
650,Jon Dmiterko,5812017.7,4456647.6,3732958.1,2256919.1,26,5.1
651,Glad Colmore,3807902.8,3064591.9,9264188.3,6477205.5,26,57.4
652,Shelby Wrightem,4477975.3,6367136.5,7350702.9,8191213.7,19,7.5
653,Giffer Wilman,3767408.6,2708339.7,5445432.8,8708627.5,20,8.5
654,Johnathan Idney,1075400.9,2393254.5,9559019.3,8118779.4,17,12.3
655,Katrina Sumshon,9776800.2,4383015.7,5339142.7,3503005.4,19,67.8
656,Adrea Linskey,4161276.4,1938941.0,9965138.0,5794341.4,22,7.5
657,Louis Headey,9631783.2,9629481.7,8237170.8,2406419.5,22,25.9
658,Bartholomew Warnock,8527950.5,2739391.0,7402232.1,9208633.3,19,49.7
659,Ode Brumfitt,403968.2,7965892.7,6529450.1,1350428.6,25,48.5
660,Teodora Custy,5405863.4,5429065.3,590462.5,9460962.4,25,63.3
661,Ansel Mandrake,7542595.2,4364578.1,7764250.9,3055352.2,21,21.3
662,Chuck Feeham,6494133.8,87750.5,656461.4,8499597.6,19,67.8
663,Floria Studeart,7017535.4,88793.6,8909000.8,9206314.3,18,54.0
664,Saudra Wasson,2724531.7,4015641.2,9559619.7,4429679.7,19,20.9
665,Lauretta Purnell,4525091.0,7878020.4,701315.3,6198709.4,22,94.0
666,Alfie Broadis,3607428.6,5321739.5,4813892.8,8128351.9,23,29.8
667,Stearne Ruggieri,9149834.7,8012390.9,7534346.9,3269012.7,22,41.1
668,Calvin Diloway,8784155.8,2661920.9,950297.6,2088154.7,19,52.7
669,Ailyn Becken,4276844.5,4316602.2,4689166.7,9795034.0,22,5.1
670,Mei Leng,9910426.4,7779712.7,577077.2,7485941.0,16,33.0
671,Fidel Degenhardt,1084841.3,9782154.4,1773256.0,1699389.3,16,80.4
672,Gabrila Wedgbrow,2073389.3,3922687.8,7707333.8,3926160.9,26,92.7
673,Allan Fearby,8084619.9,8782702.2,9903438.2,1824388.0,21,34.5
674,Ingaberg MacKintosh,1888244.7,920439.5,6085389.3,1151841.5,23,71.7
675,Morgun Bielfeld,8986188.1,9552415.7,261635.0,9181839.6,19,86.1
676,Alley Probbin,2067558.7,2819153.1,8857205.9,8959613.1,18,10.9
677,Pamella Seedhouse,3950686.8,8991940.1,4592329.3,4475937.6,18,27.9
678,Stanford Ioannidis,849438.5,349942.3,6141468.4,8451313.7,16,29.0
679,Germain Tolfrey,8963694.1,2591184.7,4579811.6,4310844.8,23,91.0
680,Cleopatra Sallnow,4881568.8,2236209.4,5743013.6,5378028.8,18,29.1
681,Fanya Sobczak,8491728.9,6413400.7,9618518.5,4310955.3,21,90.8
682,Josie Widd,6345833.3,4151427.4,2219228.6,7816375.4,20,41.4
683,Guillermo Joncic,5688191.5,1385352.8,1619256.1,8560032.8,25,87.0
684,Agna Pauleit,3703665.5,3159568.5,4836718.3,8084678.2,17,93.0
685,Luce Kniveton,8468854.9,2179828.1,8676579.6,5850877.5,19,6.4
686,Vin Lante,7350353.0,1098036.7,434226.9,9424051.1,21,8.8
687,Hy Dockrell,8507857.1,7782411.0,3739416.4,7146583.8,17,64.2
688,Maggi Denyagin,4531601.7,2439779.6,6118690.2,9321868.4,21,28.5
689,Rudd Sheppey,7550605.7,7965017.0,4657222.8,5612393.8,25,9.1
690,Alla Windsor,2798009.2,2519257.3,1838900.6,2971686.0,16,21.1
691,Michail Knifton,3521383.5,2908271.4,3556835.2,8168256.4,25,65.2
692,Sylas Lennon,5299490.7,7687218.7,1680986.3,1847732.4,26,83.0
693,Wallas Woolley,9797120.0,4275522.1,3220436.0,9540711.8,25,88.2
694,Loren Brinicombe,1190181.1,4695850.5,9707521.5,5792779.3,16,89.2
695,Elysee Mereweather,3415950.8,8510118.4,4796453.6,3991131.4,25,75.4
696,Cecil Tunesi,1687022.9,7793527.6,1720279.4,7392574.5,20,6.8
697,Alejoa Dolbey,2062726.3,7374484.2,5531316.4,4526822.0,17,41.7
698,Benyamin Garrick,2497244.4,4976310.0,8998519.0,1961714.0,21,24.0
699,Torrey Dryburgh,8178819.9,8951765.9,9461943.7,1638601.6,18,38.1
700,Chick Sharple,5151273.4,1166926.9,2143510.3,8010934.6,17,36.9
701,Olivette Janczyk,6374613.2,5398817.8,9745349.4,1048176.8,24,59.8
702,Denny Klosser,9278560.1,419497.5,7673741.7,9476299.9,25,20.5
703,Cass Luckings,4992163.8,6704489.7,8518887.4,5708498.9,21,37.8
704,Emogene Heathcote,2676896.1,8951488.4,7714364.3,2821561.1,16,27.5
705,Domenic MacAdam,1004534.8,843361.8,243290.9,3877425.4,24,60.2
706,Gennie Tembridge,6220532.6,6054960.8,8038174.9,4234991.4,24,87.6
707,Paolina Bulpitt,2197070.3,5696486.8,4466720.8,5035316.0,20,41.9
708,Aristotle Linggood,7418774.9,3241843.5,9123013.8,5208839.8,26,95.6
709,Natal Westmoreland,3594044.7,5674104.9,5163423.5,5311586.4,20,8.6
710,Oriana Kochs,1271455.2,9531442.6,1369937.1,8508647.0,17,77.4
711,Jareb Beddows,3470796.6,4458812.5,4396530.4,3324434.3,16,51.7
712,Gussy Hannent,4868018.5,9949350.3,3561838.3,3782979.5,20,85.0
713,Salomi Daniely,4493037.4,6364459.5,3046846.0,6492567.6,20,70.2
714,Myrwyn Greenway,5495031.2,4824702.0,1535256.4,4305310.6,18,26.9
715,Gorden Dickerson,9151200.3,6242928.8,881567.0,5189035.2,17,65.5
716,Lorin Wawer,1871587.9,1973721.7,9793849.3,2513033.2,17,64.6
717,Tana Paik,6493509.1,345965.0,7993268.7,3824146.3,21,40.0
718,Calv Sparrowe,1976338.4,7289541.2,2696606.2,5572212.6,22,26.3
719,Chic Klesel,845637.0,21464.4,9435077.7,5678179.4,16,45.5
720,Adella Jouannot,4586399.9,6127117.1,4819304.0,3495751.0,19,62.2
721,Lloyd Esp,1980015.9,9092770.9,1410630.3,8100408.6,23,16.6
722,Alric Sawer,9551186.5,9805259.1,9873793.6,2846236.9,17,30.5
723,Etti Laidel,6013966.3,5646379.2,8616498.0,5236488.6,26,34.6
724,Mignon Ambrosi,5701407.2,302884.0,6306487.6,9625446.3,20,20.8
725,Hartwell Pygott,851131.3,7218206.3,7451509.0,4920583.4,22,29.9
726,Nichols Scantlebury,4872574.0,8281145.8,1977989.1,9668260.8,26,86.3
727,Carita Haly,7326221.5,9855936.0,2163131.5,8994240.9,18,97.8
728,Vasily Renzo,5028554.3,5035352.5,2700640.2,7214208.2,20,63.9
729,Tate Kilborn,1575489.0,1233198.1,8194841.1,2977573.7,22,34.6
730,Truman Currie,5517012.0,9886708.4,6664700.9,7190675.9,16,38.5
731,Bartholomeo Crombleholme,5389310.0,780350.5,9221666.6,7208135.9,19,34.1
732,Corbin Elbourn,6574435.1,5872387.2,8408085.6,6709974.1,26,79.4
733,Hulda McPartlin,6759252.2,1225649.5,990000.3,4393506.0,26,6.8
734,Aigneis Girodier,109915.6,7534824.5,1689084.7,5808098.8,26,14.3
735,Deeann Byforth,6077817.1,3975391.9,5391564.9,3016825.8,19,69.4
736,Ianthe Karpfen,3238120.0,9044538.9,4919236.6,6517873.2,17,99.5
737,Shari Robertacci,5843360.2,582584.3,7132549.9,3269480.7,22,19.4
738,Karine Goodding,7314341.6,5407803.7,6807924.7,5520347.9,20,29.7
739,Esme Yakuntzov,6905385.8,4188247.2,4217980.5,8536970.5,19,28.9
740,Magdalen Keating,9875791.4,3927897.5,5040167.8,5360163.8,16,43.8
741,Veronike Minor,8429025.7,4915846.2,4394053.8,3017332.8,21,8.1
742,Cathrine Mongain,3832165.7,3806512.4,3074954.3,3325003.8,16,61.9
743,Magdalen Rolfo,5426026.0,6344638.7,656340.5,1879520.3,25,10.9
744,Arni Shawell,280775.6,329952.8,8696639.8,6748310.6,19,11.2
745,Hewet Secker,1454693.0,7817316.2,3524388.9,2175629.7,20,6.4
746,Roxine Neathway,3905298.1,664575.7,4241577.7,7961892.7,17,91.1
747,Costa Macken,4066785.0,5042408.5,3865537.4,9075481.6,25,48.3
748,Nevin Nolleau,8363037.0,1260780.0,6314619.5,3961547.4,24,22.7
749,Ermanno Blowne,3820608.0,9231355.3,1504245.6,9982451.7,17,25.0
750,Vern Getch,7474084.4,1900687.0,3107901.6,7377633.2,24,38.6
751,Tedd Chomley,4891371.9,3671288.7,138471.3,9584148.7,24,58.9
752,Carolann Scurfield,3748948.1,4950626.1,218525.3,4303341.8,23,10.2
753,Madalena Grammer,8048478.8,7067034.1,8173896.5,1796072.6,26,9.0
754,Farrell Perillio,7617030.3,2955274.0,1890446.5,5996083.9,22,23.2
755,Shannon Laity,2878215.9,6001338.7,987460.4,4287092.5,18,58.3
756,Kerwin Clulee,1263546.4,6380707.2,7694682.4,4051277.5,25,79.7
757,Lorry Gwilliam,1899631.1,7028475.3,2258530.6,6748760.6,17,94.0
758,Kare Garbar,9367630.5,1123763.6,1354945.6,2973914.0,25,43.6
759,Joell Sillett,1179897.4,3896218.8,1110503.7,4795012.0,19,76.3
760,Salome Lau,4974323.2,1593745.3,5921427.1,8821175.3,25,72.6
761,Web Ricart,5289180.0,3418153.5,6110853.8,5109171.0,26,89.5
762,Malanie Twell,8927147.5,3702849.5,3422375.4,4255818.8,16,14.2
763,Rebeka Lanchbery,3076501.2,9058767.8,7446316.0,8018881.5,26,25.6
764,Elayne Windham,7524612.5,669712.0,4164147.1,2331150.0,25,0.6
765,Raychel Zaniolini,1112731.9,4803705.4,4108197.0,6927916.4,19,74.7
766,Marlon Killford,6248663.5,7206267.9,306627.2,8987298.8,18,40.3
767,Rosalynd Johannesson,8618565.2,3388681.3,513999.6,5511655.5,16,25.4
768,Alyssa Wrey,8968039.5,5964398.0,351769.9,9031114.1,23,32.5
769,Austine Kleeman,1070490.6,9060425.8,6405231.8,8821064.4,21,18.1
770,Cicely Mugglestone,7143070.6,5439528.2,1553381.4,6938499.1,24,90.2
771,Jere Pounds,2938757.8,9903636.2,7087033.1,4318659.0,23,23.1
772,Les Noraway,4513458.4,2726471.7,1901075.2,6591201.6,25,65.2
773,Noach Dimitresco,5111705.7,8410867.0,2522089.1,2593465.9,23,61.0
774,Torrie Rignoldes,3288449.2,1678964.5,5892715.0,6165878.6,23,93.1
775,Zachery Double,7700292.5,8689277.4,9662219.4,4072496.2,20,40.8
776,Victoria Loddon,7913888.4,5788663.2,5661760.1,1979307.9,23,8.8
777,Rory Piotrowski,2949822.1,9650559.3,7388000.3,7049519.2,26,44.1
778,Sumner Lesslie,6863322.1,1477585.3,1074156.9,6084352.7,23,94.6
779,Waylin Grindall,9176029.7,3721335.5,9353535.5,1745760.6,21,81.4
780,Freedman Jansey,9210827.7,7656822.1,1216383.2,2078900.3,18,59.0
781,Saunders McEntegart,8268269.2,3183345.4,1306060.6,4847706.6,21,96.9
782,Ibbie Heliot,1589259.8,8424813.4,7240725.3,6912689.2,22,46.4
783,Lloyd Doyley,5149648.0,1379344.8,821360.4,7643314.2,16,95.7
784,Karoline Elwin,4315724.4,6069473.4,75470.8,5514140.9,24,28.9
785,Hedwig Radbone,7186057.7,5711002.4,1914073.0,1875922.3,17,42.1
786,Leicester Kinder,7772448.4,7452723.2,2466770.5,4217723.9,17,48.1
787,Pepita Lillo,2222919.4,7311202.7,9710203.5,8659563.0,24,54.8
788,David Howorth,4411866.3,5692558.9,5919391.9,9037828.3,17,49.1
789,Kirstin MacFadzan,1599080.9,5508150.1,527090.9,4602733.0,23,10.5
790,Leonanie Quarton,7127167.5,8584409.6,3532749.2,8111845.6,21,83.1
791,Pinchas Timmons,6944186.6,9360051.6,694603.2,4246026.6,23,69.0
792,Byran Beaman,2212187.3,4026277.4,9378005.5,7659346.8,22,66.0
793,Sherwynd Labbey,9097889.6,7106958.7,857323.8,7910619.6,19,88.4
794,Vivyan Minshall,486633.1,5126996.5,4581568.4,2446172.4,24,41.2
795,Ezekiel Pinnocke,9906558.7,5732377.7,986709.6,9306659.3,24,8.2
796,Nananne Denyagin,5594157.1,7787742.6,5839327.1,8532281.2,25,41.3
797,Pavlov Lenney,5855642.6,9972594.2,4469701.0,7889827.8,21,61.2
798,Armin Rillett,242918.1,6922061.5,1570067.6,2702572.0,23,71.1
799,Katine Gunby,4882302.8,8144247.2,1849806.4,1470827.2,26,91.2
800,Stephen Marrian,7783728.8,9126916.9,6222372.2,9104718.4,19,88.3
801,Filberte Howes,6952019.9,3105926.1,4248555.1,2608444.1,25,33.0
802,Melita Ricardet,299225.2,1806606.4,8645100.5,9469397.3,17,14.7
803,Jodie Fosdick,7034498.7,3996034.9,336583.7,1025020.1,22,79.5
804,Aeriell Flint,1301327.2,5068247.0,4075560.9,9922734.2,19,98.5
805,Slade Bohlje,5188081.2,2618724.6,5271124.6,4481576.3,19,65.2
806,Keefe Andrea,7151644.5,5987624.4,3730810.8,4453862.0,24,29.0
807,Sukey Massow,691291.2,4741593.0,2476215.7,7404860.4,16,61.7
808,Sileas Severwright,4899707.8,2486856.2,6111589.9,1329492.1,18,47.6
809,Rozalin Buckle,7280722.5,1526510.4,8640717.8,5597292.0,17,64.1
810,Kirsten Setterfield,20095.5,7529526.0,4585762.1,7660211.0,23,31.6
811,Harriette Trott,4621693.5,1780797.1,9610653.1,3455430.1,16,9.5
812,Annabell Scroyton,8610046.4,578778.9,1753945.0,2373968.6,16,59.4
813,Pansie Feveryear,6989236.9,2410524.2,1802278.0,6997193.4,18,27.9
814,Everett Stilldale,6249910.7,441668.7,7591733.3,7879526.4,23,42.8
815,Jolynn McLese,3110545.4,6056882.5,1907808.4,6875557.9,18,52.5
816,Haven Pappi,7945420.8,313564.6,4073612.8,4884783.5,26,72.3
817,Anni Dumblton,6350019.8,6234560.6,1566515.5,1957005.9,26,25.0
818,Erroll Torbard,6217772.0,6675311.6,3534612.1,8879635.5,19,35.8
819,Dur Graalmans,9928652.2,5485360.7,1848158.1,5591833.1,26,99.6
820,Brad Dyne,4306196.8,1803510.9,481574.9,6426873.9,20,97.7
821,Merilyn Gowanson,2980493.6,4712515.5,246997.6,5728166.4,22,7.5
822,Giorgia Whieldon,5195970.4,2467817.9,1708812.2,5436248.0,19,27.5
823,Ella Strowther,724238.4,5092016.0,3425759.7,5570960.9,25,36.6
824,Winnah Frantsev,8440975.1,6675980.0,581286.2,5443780.5,18,79.2
825,Belva McGawn,9454927.3,3822888.6,2687786.0,1818911.8,19,53.3
826,Annabela Bosnell,1411923.7,338912.5,4918789.7,9726218.2,25,20.7
827,Alexandros Sloyan,7706648.6,8658717.0,5515753.3,8584901.0,19,32.9
828,Tiebold Burnsides,8063696.7,446084.1,1905613.2,3045869.0,19,96.1
829,Gleda Bendig,2170126.9,5962020.8,8328202.8,5763037.0,19,18.9
830,Sib Jursch,377087.1,5151136.8,9186314.2,4560975.6,22,24.0
831,Kenna Vennings,4232587.9,8129459.2,6578898.9,7725955.3,16,16.5
832,Arnie Potkins,2548646.0,9295042.6,4060272.2,8974043.1,22,43.3
833,Opalina Hutchcraft,7927161.0,1865373.5,8885441.2,4764250.5,22,61.7
834,Lindy Damerell,8693011.9,158837.4,3646195.5,5992660.2,17,40.3
835,Germayne Seyffert,4786629.5,8298555.2,3719467.2,7612305.7,23,59.5
836,Jessalin Conklin,963288.5,7876697.9,1256103.8,1077259.2,24,18.6
837,Murvyn Brugh,4812242.9,2103969.7,2234483.3,8970006.6,20,95.2
838,Wiatt Tanslie,7263020.4,6686182.8,9978280.2,2618215.4,16,20.4
839,Polly Roof,9168031.6,8322134.7,578407.9,5179610.5,17,65.9
840,Gussi Gaskal,1307110.1,1015497.1,6837256.7,1517219.8,24,34.8
841,Fonzie Zuan,3392882.2,4629842.3,851775.1,1827046.5,18,21.8
842,Rolando Matushenko,182353.3,6693331.7,3954300.3,7020534.0,22,53.8
843,Josh Renvoise,1907956.0,213574.8,807724.9,2154417.2,24,70.2
844,Danyette Hellens,2278000.1,7900573.5,1619328.5,6147286.2,16,71.1
845,Riobard Shackesby,5271826.5,3313634.9,6595774.3,1728837.6,23,10.3
846,Osbert Cleator,3055933.6,14379.0,6180680.2,6199803.7,21,60.0
847,Dana Senten,5792541.8,720516.6,2284662.5,5608909.0,26,79.5
848,Gizela Bissell,8622757.3,2463415.3,3485901.1,5916709.3,17,70.6
849,Valentijn Cansdell,4648773.9,5500879.1,6532689.1,9047385.7,23,53.3
850,Celestina Dancey,7151387.0,6354755.5,1375332.7,6480326.1,20,33.9
851,Noby Brideoke,695267.3,1147903.6,7760327.8,8400880.5,25,73.6
852,Dawn Guidera,6034886.1,3815340.4,322121.2,5872355.7,22,33.9
853,Tomas McLeish,9247881.2,7600915.1,5558500.7,7840038.5,24,43.3
854,Bethanne Harpham,7637833.6,9933654.0,5907649.9,4574925.4,19,91.7
855,Elka Dobbs,5321197.6,4931919.9,108006.4,9176425.4,19,53.4
856,Marthe Keslake,9749238.0,9432720.8,8337548.7,7499797.6,18,99.3
857,Josie Robinett,8561952.9,8951138.8,3175695.6,5652412.2,16,53.8
858,Cynthie Harmston,2528919.4,6921269.8,494613.6,5449226.1,24,3.6
859,Adi Wayte,5174411.8,8011690.3,5978354.0,2114017.7,25,12.6
860,Waverly McCrossan,5546485.0,4773014.3,2959420.5,5780428.1,17,15.5
861,Jerrilyn Vampouille,8801963.9,6616916.7,2839210.5,1928084.9,25,49.7
862,Garfield D'Alwis,3017563.2,7206359.8,3689719.4,1071701.7,18,77.8
863,Arley Braithwaite,9105244.6,7178982.4,5874864.3,1429351.9,16,65.7
864,Lydia Lygoe,9252367.9,9553818.2,5630845.8,9971549.2,22,73.8
865,Perren Kolyagin,9814449.5,6598256.8,4126319.2,4146711.0,17,88.4
866,Rivkah Menel,6126140.6,4797247.5,3242367.0,9366190.9,19,58.7
867,Elvyn Huskisson,7263389.8,4600175.2,9764523.9,4356012.3,23,59.9
868,Candice Sponton,1261624.4,9752745.3,353262.4,4000025.8,25,62.9
869,Lizzie Clapison,4035020.7,9295265.6,4666401.4,3019504.2,20,71.7
870,Jobie Picford,8208456.2,4429111.3,2730094.0,1747135.0,23,24.9
871,Harp Ravenshaw,9220713.1,1427429.1,744339.5,5228084.0,17,8.9
872,Kylynn Moran,2262199.9,7494127.4,7342988.9,1139944.4,16,79.5
873,Elia Youings,8825148.6,4166758.0,7093999.0,3241947.3,16,48.5
874,Alene Chiles,4408306.1,9043716.8,8608372.5,6006663.7,26,36.5
875,Gerda Hexter,8767830.1,2159366.6,3077271.3,6192049.9,21,52.5
876,Rabi Osment,3734422.4,6307255.9,9109708.3,9901079.3,23,77.9
877,Yolanda Ryce,9204303.4,6676566.3,7103798.5,4843610.5,16,66.3
878,Ricky Smallman,1930361.0,6854869.4,1818767.4,6368054.9,26,58.0
879,Haywood Pegg,8379385.8,5059148.2,3465412.7,1007402.4,21,6.5
880,Hannah Ginglell,9288716.8,8618488.5,7572998.4,5692194.4,18,81.4
881,Matty Shapcote,7582247.3,9537801.6,3614195.3,2114396.0,20,78.5
882,Nevin Fley,6251416.0,9506139.9,9707527.0,8627692.5,16,49.9
883,Sherman McKevany,9827795.8,2476308.0,9763027.3,2894442.3,21,66.8
884,Aimil Briskey,8127801.2,7359934.9,7961200.5,1570398.2,25,78.0
885,Celestyn Riches,9901768.7,3454913.0,9111493.2,8940235.1,26,73.4
886,Koo Bellord,5990268.7,326332.2,1065843.1,2539249.4,26,51.5
887,Cal Twidell,4683943.7,4062691.6,5171419.0,8634697.3,26,37.9
888,Ody McPhelimey,9312036.6,555552.6,147153.7,2929483.7,26,22.7
889,Karyn Aldren,1283504.0,6245965.7,770659.6,9863270.8,26,90.5
890,Dasha Sapson,8286818.9,9235540.4,9396290.2,7564557.8,22,8.6
891,Vinita Dine-Hart,9722949.5,2111165.3,6909463.3,5987928.3,19,80.7
892,Carolyn Coope,7398554.6,6089714.1,1935482.2,3859964.5,23,63.8
893,Bard Darrel,3575529.7,6221338.7,7664210.9,5405244.3,25,23.7
894,Lind Jaulme,4917968.0,8791541.5,1910319.9,6863138.8,23,57.0
895,Adah Barizeret,8554844.8,5751958.7,3114400.9,6615378.4,22,25.5
896,Edy Ackenhead,1479026.6,3287174.8,842222.9,7332681.6,18,57.9
897,Sonnnie Vuitton,3511060.3,7872817.5,3628122.6,7107765.6,25,84.8
898,Melisent Honisch,7002040.1,1507629.7,9992421.6,3686859.7,21,12.6
899,Monica Sedgebeer,3468954.4,1183229.7,1383412.6,8088814.0,19,64.7
900,Stewart Cotter,7744314.7,6104738.2,5249259.8,5408600.7,25,83.6
901,Hughie De Freitas,1376672.2,5596866.3,2601152.3,6862291.3,22,34.6
902,Reynolds Brigginshaw,5410312.2,6720349.3,8747799.2,9588512.3,23,54.8
903,Amalia Bahia,5416421.8,2198827.3,45231.3,7104162.9,23,35.7
904,Waiter Stack,5754331.0,8028460.3,1583664.4,1747290.6,21,58.9
905,Mariellen Karlqvist,8446087.7,2529456.5,7929065.1,3231693.1,26,83.6
906,Carry Pic,8643241.6,3032515.9,7181128.6,7318445.9,19,35.9
907,Elke Bucknell,9067215.2,9896942.8,9244721.0,7616947.8,25,34.2
908,Alecia Sirmon,3350534.9,9249387.9,9889767.3,5795278.3,17,3.0
909,Giacomo Kearney,4970377.0,8928829.9,679987.5,6421834.0,26,66.6
910,Kinna Killelay,2572854.4,201591.9,4846343.9,9708190.4,23,8.1
911,Rutherford McGrouther,6398065.0,2637929.3,9309393.2,3726413.2,24,33.4
912,Maria Robertazzi,9824542.8,6847627.7,7569403.3,9349292.9,20,10.0
913,Kalvin Enocksson,6576817.5,2664589.2,3811489.9,5475725.7,16,61.4
914,Nicolais Montague,2209151.4,8509365.5,9101782.9,5853617.6,22,40.5
915,Olga Bradman,2722556.0,2037590.3,5530131.7,5100979.9,17,94.5
916,Kennedy Besset,8216912.1,3262319.9,7078156.4,9875599.4,25,22.4
917,Karita Attersoll,97248.4,85275.6,5906769.4,1746068.9,26,55.4
918,Nilson Forsaith,5551951.8,4098029.0,2105532.6,4732965.6,18,4.3
919,Dillon Diegan,7906359.7,2745506.4,8558976.5,1478228.9,16,16.2
920,Juanita Hirsch,4037598.1,9192834.2,6574116.1,8874986.8,18,70.9
921,Mehetabel Gaskarth,9150797.3,743396.1,6265533.8,8273979.2,23,44.6
922,Davin Dionisii,7426988.9,147750.6,5234815.0,5513315.1,23,24.9
923,Sayre Freund,5247393.5,9324818.3,6154217.9,9199237.3,26,11.1
924,Vivian Gromley,1531971.6,5575132.7,3147793.8,9751121.6,17,62.9
925,Sanson Sporton,8889843.7,669074.7,5675760.1,3066098.6,24,48.3
926,Chaddie Kinsley,4345230.8,6290173.5,517473.7,6415262.1,16,70.0
927,Udale Motten,7182894.4,7832723.8,2575291.6,6903101.8,22,17.8
928,Ansell Blasi,657463.3,6455284.8,5647120.2,8404627.1,22,15.8
929,Randal Radin,2525687.4,2373462.3,9687684.4,3874490.5,26,20.7
930,Helyn MacSorley,5241645.6,1417949.6,6620459.8,7419201.5,20,33.4
931,Piper Cordero,3003038.1,788676.8,4168594.7,6357639.7,17,18.4
932,Nady Lemoir,3170917.1,3324093.0,6554465.5,9733247.8,19,51.0
933,Yul Marrows,3191078.5,9165062.4,6392269.8,8499922.7,24,59.7
934,Zebulen Le Provest,4792783.2,9993054.1,168015.2,9866936.5,17,20.4
935,Rebeca Dimitru,3868793.9,596656.2,1112783.0,5434962.3,23,27.2
936,Phyllis McGuiney,9831539.4,9717543.9,1708907.6,9023240.5,23,72.8
937,Dore Cunliffe,8563247.1,6615306.1,8398495.7,1093669.3,18,92.8
938,Ursula Sturgeon,806106.2,4259918.3,5782152.4,4572265.2,19,22.5
939,Editha Ciciura,9078383.8,5477747.0,9641569.0,3507359.0,21,92.6
940,Sophia Slyvester,3020379.7,6542652.5,2845937.8,6254214.9,16,45.3
941,Torr Bentham,3373271.3,2414886.6,1099569.5,8612895.8,20,84.4
942,Thebault De Fries,7806350.1,7786886.1,3173396.8,7642386.3,25,83.3
943,De witt Epinay,6359939.3,8790785.9,1641987.6,4623372.3,21,5.1
944,Ashton Abramamov,9829687.6,3623307.5,6942638.8,3502393.7,26,85.2
945,Tracy Hattersley,4124877.4,1343284.1,7189676.6,3171958.9,21,45.8
946,Goober Petr,2458325.6,2102900.4,9511901.2,9059474.9,19,19.1
947,Dominik Ledbetter,7940590.6,8560536.5,7203857.7,6125209.0,24,74.7
948,Griswold Scranedge,6516778.1,4303731.6,9958067.5,7532584.7,18,83.9
949,Leigh Brotherhead,7245402.9,7391114.1,6456358.1,1144583.4,19,32.8
950,Ann Stenhouse,1351732.5,9116664.6,3400159.4,9363369.5,18,43.4
951,Carl Vardy,3137387.5,9958156.3,4642124.0,2448906.3,26,20.5
952,Janelle McCreadie,4506403.4,9452382.6,961798.0,7919538.3,21,64.5
953,Margy Loade,813379.2,1024450.3,4291931.3,7648875.2,17,64.1
954,Brant Pogosian,2972632.1,6818540.0,1275765.2,2948066.2,20,57.4
955,Jamison Stronge,7348164.9,4871887.3,4819226.8,1293008.1,26,23.6
956,Israel Kiezler,4034965.2,2089308.8,7764947.7,1123723.9,22,35.3
957,Darbee Buzek,9687925.3,8255607.0,6118352.9,7452887.6,19,29.0
958,Trenton Mebius,1265500.2,5012829.3,735664.8,1024061.8,21,82.4
959,Nerita Shaxby,6177355.1,3895472.3,5959798.1,4623796.8,20,68.2
960,Jefferey Campelli,7267290.0,8271138.5,7636954.2,2283398.2,25,21.6
961,Gratia Savell,2893652.4,5506802.4,7633788.7,1593799.6,25,2.7
962,Maxy Twitchett,9633280.8,8136719.1,4528095.5,2177955.7,20,77.5
963,Koralle Maggiori,6325393.4,593810.5,4407796.0,9552114.3,22,43.9
964,Annabela Chasmor,8286572.3,5190142.3,5676662.7,6590725.1,16,29.9
965,Amie Slowly,6810042.4,5844350.7,5151340.6,5203208.3,17,65.2
966,Genovera Brookson,7924348.7,292090.0,6696090.6,1827970.1,24,67.2
967,Charmaine Huxton,2057514.0,2393868.8,5196167.0,6709963.7,19,4.0
968,Hope Oldford,5044074.9,959903.4,6466445.8,2768116.4,25,70.9
969,Ortensia Wehden,8630810.5,9420348.3,4246967.0,2185312.1,16,57.9
970,Yance Hubatsch,9780974.5,860199.2,1648559.1,7052399.3,19,87.1
971,Stephannie Aberdeen,7082331.3,5712516.0,4935970.3,6043418.0,17,78.8
972,Vidovic Carde,8821352.3,7717016.7,3881259.5,1850368.2,18,51.1
973,Golda Cuardall,6020916.1,8007303.4,9020870.1,3532473.4,18,65.5
974,Tarrah Leon,841653.4,8275841.1,3850839.8,2721897.9,16,22.9
975,Gauthier McGing,1390321.9,4960013.9,1246469.5,4469028.0,23,72.6
976,Ericha Gossan,8318486.4,9051102.9,8920606.2,7451925.9,24,28.1
977,Gaile Ridgwell,7568985.1,7450256.3,8368974.8,5223879.6,24,29.0
978,Dido Vlasenko,923548.9,1713161.9,5864221.4,9289513.8,24,55.4
979,Malorie Hassent,1310822.5,1324798.7,575248.5,9783044.5,25,57.9
980,Alla Stanborough,204615.9,9089576.2,6193756.9,8651717.6,16,92.7
981,Wilek Meak,4151114.6,3882683.2,6293583.3,3213573.1,22,46.9
982,Georas Wragg,4333093.2,5956338.3,3605912.4,7033341.4,16,93.0
983,Kacey Vallack,4692277.5,3676821.5,9352068.8,4572708.2,19,12.2
984,Halette Seth,7512711.1,7031100.4,7993357.4,8857910.6,22,96.9
985,Jaquith Birkin,4889405.9,6864880.9,4586185.4,5730139.2,25,90.0
986,Eileen Henker,283063.6,9417835.9,312110.8,2435130.3,19,59.2
987,Rozele Slocumb,9984909.2,6608022.2,353285.9,6147488.3,16,49.0
988,Sallie Wetherick,5117419.8,6096008.5,1915753.2,9516203.2,18,57.3
989,Marla Malbon,6109700.6,1437799.0,1519658.6,7125549.2,21,84.8
990,Minor Rothermel,4007583.3,6384066.9,9893585.1,2409716.3,26,22.1
991,Ephrem Falvey,4592092.5,8821603.4,739712.4,2936355.4,23,38.4
992,Rafferty Wiggall,2128275.2,7401752.1,9210832.8,3256122.9,16,36.6
993,Thomasina Tumulty,567438.7,2422809.8,263679.6,1507849.1,16,14.2
994,Brittni Baldoni,8596463.0,5602191.1,2834866.8,9333881.0,22,4.1
995,Filide Glitherow,1098870.6,1576031.0,4534908.2,6523967.8,24,60.1
996,Franciskus Coulthurst,2318608.9,7234108.9,6652364.0,6785132.1,20,8.8
997,Merola Burstowe,1330926.9,8810416.2,6906190.2,9030089.6,16,56.1
998,Berti Habgood,2465584.7,967816.0,2657621.8,7487412.0,19,16.4
999,Anthiathia Plum,510843.9,4851401.7,9659372.6,7915864.9,26,34.8
1000,Garey Starking,5179872.1,6437385.5,369654.2,7284719.0,26,26.5
